topic,topic_word,weght_topic
0,..,0.016498862
0,ждать,0.016090795
0,встречаться,0.011378309
0,окно,0.010651179
0,пытаться,0.007190101
0,объяснить,0.0070308293
0,привет,0.006738323
0,любой,0.006725645
0,прекрасный,0.006555697
0,здравствуйте,0.006273458
0,компания,0.006192781
0,заходить,0.006120095
0,заниматься,0.006119902
0,животное,0.0060666357
0,вроде,0.006034861
0,третий,0.005942972
0,вырасти,0.0058564586
0,садиться,0.0057711564
0,извинить,0.0056569683
0,увидеть,0.0053348206
0,проводить,0.0053161015
0,вчера,0.0052505434
0,высокий,0.005241707
0,наконец-то,0.005218873
0,погода,0.00507525
0,беременный,0.004853419
0,карман,0.004664307
0,к,0.0046325778
0,какой,0.0045544356
0,включить,0.0045032445
0,понять,0.004380253
0,весёлый,0.004306442
0,пацан,0.0042360704
0,два,0.0041377284
0,ага,0.004018297
0,пойти,0.0039268397
0,кабинет,0.0038637917
0,здоровый,0.00383349
0,наступить,0.0038308245
0,отличный,0.0038000138
0,унитаз,0.0037804137
0,приходить_домой,0.0037573997
0,дело,0.003737588
0,звезда,0.0037057414
0,свобода,0.0036821098
0,клиент,0.003668397
0,один,0.0036629469
0,комната,0.0035892287
0,граница,0.003580052
0,коля,0.0035657976
0,сдохнуть,0.0035505143
0,зоопарк,0.0035356823
0,рыбалка,0.0035293985
0,из-за,0.003523493
0,полностью,0.0035099662
0,известный,0.0034897483
0,мочь,0.0034878096
0,привычка,0.0034287672
0,человек,0.003411023
0,оказаться,0.003404441
0,круг,0.0034019346
0,ваня,0.0033835066
0,попадать,0.003353775
0,отдохнуть,0.0033419658
0,муха,0.003314361
0,навальный,0.0032914567
0,левый,0.0032871487
0,итог,0.0032303694
0,надежда,0.0031337254
0,стул,0.0029813638
0,приглашать,0.0029499098
0,служить,0.0028705872
0,раздеваться,0.0028593338
0,дерьмо,0.0027998993
0,наркотик,0.0027824398
0,продавщица,0.0027345184
0,мой,0.002733187
0,реально,0.002725762
0,фига,0.0027091452
0,юбка,0.0026887408
0,найтись,0.0026724278
0,список,0.0026389884
0,лицо,0.0024871347
0,кирпич,0.0024716426
0,закрытый,0.0024257365
0,сайт,0.0024247947
0,наш,0.0024209875
0,25,0.002407593
0,прятаться,0.0024030537
0,плюс,0.0023923153
0,офис,0.0023742577
0,чувак,0.0023481126
0,трахаться,0.002270643
0,заглядывать,0.002254701
0,поцеловать,0.002246422
0,дикий,0.00220711
0,беречь,0.0022011627
0,жара,0.0021903599
0,юноша,0.0021893994
0,вынести,0.0021559328
1,красивый,0.015669497
1,бабушка,0.014730973
1,..,0.014627189
1,проблема,0.014010314
1,пьяный,0.013937172
1,...,0.013159209
1,народ,0.012431571
1,страна,0.01155277
1,любимый,0.009655473
1,стол,0.008823078
1,столько,0.008605488
1,сильный,0.008064945
1,сильно,0.007839729
1,правительство,0.0076440168
1,жаловаться,0.007341836
1,родиться,0.0072639207
1,душа,0.0069618677
1,помощь,0.0066910014
1,автобус,0.0066645327
1,сказать,0.006611268
1,падать,0.0061680228
1,богатый,0.0061383345
1,бедный,0.00606151
1,цена,0.0055659954
1,место,0.005510894
1,провести,0.005411277
1,пусть,0.0051943134
1,расти,0.005001188
1,предложить,0.004946857
1,жрать,0.004927898
1,считаться,0.0048445314
1,почему-то,0.0048299246
1,гей,0.0048227524
1,человек,0.004664463
1,нечего,0.004520269
1,сто,0.00427302
1,бабка,0.004075688
1,рог,0.0039963913
1,билет,0.0039790594
1,какой-то,0.003946499
1,настроение,0.003930279
1,группа,0.0038619626
1,долг,0.0038555593
1,шуба,0.0038324865
1,желать,0.0038252566
1,знать,0.0037989323
1,цветок,0.0037082057
1,медведев,0.0036447926
1,аптека,0.0036095802
1,тупой,0.0036003904
1,поднять,0.0035157125
1,держаться,0.003471831
1,б,0.0034471536
1,поговорить,0.0034242475
1,говорить,0.0033803734
1,какой,0.0032472117
1,карта,0.0031517497
1,танцевать,0.003148552
1,командир,0.003129206
1,молодой,0.0030905614
1,пассажир,0.0029236667
1,берег,0.0029117428
1,программа,0.0028961948
1,турист,0.0028676442
1,сразу,0.0028339492
1,река,0.0027914376
1,рецепт,0.0027502936
1,дело,0.00274173
1,деньга,0.0026816148
1,борт,0.002656988
1,сюда,0.002645947
1,мочь,0.0026438304
1,оба,0.0026389356
1,тянуть,0.0026316089
1,бесить,0.0026061244
1,слепой,0.002565533
1,оставлять,0.002565354
1,мой,0.0025529626
1,пушкин,0.0025507037
1,ощущение,0.0025445668
1,понимать,0.002511889
1,прикинуть,0.002456755
1,трудный,0.0024129243
1,откуда_знать,0.0023481182
1,доказательство,0.0023227471
1,честь,0.0022937267
1,пост,0.002291189
1,выступление,0.0022630594
1,пустить,0.0022555618
1,делиться,0.002254278
1,планета,0.0022507752
1,средний,0.0022452998
1,организация,0.0022076012
1,адрес,0.0021708787
1,сожрать,0.002162479
1,достаться,0.0021623292
1,налог,0.002159486
1,нефть,0.0021523577
1,пакет,0.0021351108
1,посидеть,0.0021176192
2,доктор,0.029076159
2,милый,0.015794171
2,пиво,0.013758525
2,ребёнок,0.011213047
2,вася,0.0110169
2,...,0.010621396
2,больной,0.0101906415
2,..,0.010011677
2,настоящий,0.009564174
2,иметь,0.009128685
2,слово_``,0.009106978
2,изя,0.008114008
2,школа,0.007938902
2,армия,0.007619601
2,''_.-,0.007295302
2,обещать,0.0066955723
2,приехать,0.0066899145
2,потерять,0.00660858
2,снимать,0.006402571
2,открыть,0.006207266
2,видеть,0.0060732677
2,объявление,0.0060391435
2,американец,0.005832237
2,чай,0.005730253
2,знать,0.0056520887
2,кормить,0.005363821
2,мешать,0.005251516
2,класть,0.0052502714
2,волноваться,0.0048837503
2,брат,0.004851129
2,гулять,0.004744405
2,петь,0.004718544
2,негр,0.0044736583
2,брак,0.004386609
2,больница,0.0043581156
2,умирать,0.0043039103
2,отправить,0.0042256084
2,житель,0.0041978345
2,поп,0.0041289316
2,собирать,0.0040749167
2,зима,0.003945964
2,китайский,0.0038846852
2,имя,0.003836066
2,возможно,0.003793067
2,коллега,0.0037409016
2,родственник,0.0036961755
2,привезти,0.0036478597
2,заставить,0.0036424499
2,метро,0.0035488524
2,способ,0.0034343079
2,поздравлять,0.003387683
2,родить,0.0033494348
2,вопрос_``,0.0033466308
2,симпатичный,0.0032723662
2,просить,0.0032557652
2,нож,0.0031992123
2,покупатель,0.003180446
2,приносить,0.0031171867
2,ходить,0.0030558808
2,зря,0.0029978103
2,звук,0.0029484057
2,классный,0.002844348
2,улыбнуться,0.0027990995
2,вчера,0.0027794582
2,детский_сад,0.0027421592
2,родитель,0.0027127902
2,жирный,0.002685983
2,выгнать,0.002671037
2,командировка,0.0026708918
2,лень,0.0026667782
2,абсолютно,0.0026461463
2,клетка,0.002612492
2,знание,0.002598921
2,пол,0.0025917476
2,лечение,0.0025194788
2,месяц,0.0024989075
2,документ,0.0024669094
2,ворота,0.0023910427
2,попасть,0.002389571
2,мочь,0.0023435634
2,конфета,0.0023205085
2,дискотека,0.0023195632
2,час,0.0023160176
2,работа,0.0022840612
2,боль,0.002247126
2,пробка,0.0022463277
2,искусство,0.0022362797
2,таксист,0.0022245047
2,страница,0.0022218274
2,отстать,0.0022128765
2,общаться,0.0021996822
2,лёд,0.0021776422
2,друг,0.0021753965
2,зверь,0.0021651178
2,приставать,0.002146012
2,футболист,0.0021298255
2,труп,0.0020957135
2,проглотить,0.0020643706
2,памятник,0.0020525088
2,громкий,0.0020447343
3,россия,0.04461075
3,ночь,0.021347193
3,кто-то,0.017976334
3,интернет,0.012355325
3,назвать,0.012354422
3,гость,0.0113209905
3,сторона,0.010202862
3,автомобиль,0.009484977
3,правильно,0.008977983
3,вместе,0.00819408
3,случиться,0.008102021
3,поехать,0.007384149
3,лёгкий,0.007103679
3,..,0.0070288894
3,дорога,0.0068769553
3,путин,0.0066913916
3,сша,0.0065016677
3,красный,0.005985226
3,россиянин,0.0056894985
3,алкоголь,0.005385367
3,принимать,0.005369893
3,собраться,0.0052652885
3,деревня,0.0051416005
3,страна,0.0051374477
3,целый,0.0051011113
3,бегать,0.0050833137
3,убрать,0.0050464165
3,запомнить,0.0050318283
3,качество,0.004984862
3,победить,0.0049275975
3,начаться,0.004829737
3,принцип,0.0045558377
3,уважаемый,0.0045001293
3,свободный,0.004493137
3,сэр,0.004436139
3,штирлиц,0.004323302
3,результат,0.0043198145
3,сиська,0.0041343994
3,сигарета,0.004058122
3,никакой,0.0038625386
3,коньяк,0.0038453583
3,цирк,0.0035752957
3,научить,0.0035445755
3,слабый,0.003458684
3,дарить,0.0034518738
3,гинеколог,0.0034263842
3,сообщить,0.00340263
3,cекc,0.0033176076
3,товар,0.00325904
3,получить,0.0032477626
3,песок,0.0031668164
3,равно,0.003142905
3,бросать,0.0030427559
3,тяжёлый,0.00302643
3,военкомат,0.0029988461
3,ситуация,0.0029959867
3,роддом,0.002936123
3,страдать,0.0029308563
3,полицейский,0.0028325873
3,заболеть,0.0027825828
3,сообщение,0.0027669538
3,сломать,0.00275602
3,свидание,0.0027285535
3,капуста,0.0026029712
3,крокодил,0.0025885296
3,гореть,0.0025811084
3,согласиться,0.002538319
3,засыпать,0.0025010738
3,количество,0.0024742526
3,во-первых,0.002463314
3,плавать,0.002410996
3,сразу,0.0023972453
3,произнести,0.0023945111
3,заменить,0.0023876715
3,драться,0.0023809597
3,нынешний,0.0023623987
3,дважды,0.0023537362
3,пожар,0.0023468987
3,узнавать,0.0023432118
3,машина,0.0023324771
3,во-вторых,0.0023224314
3,взятка,0.0023190605
3,лох,0.0022782602
3,игрушка,0.0022774443
3,редкий,0.0022559848
3,наташа,0.0022474618
3,мой,0.0022258486
3,заводить,0.002223573
3,бл_ть,0.0021724636
3,март,0.0021540183
3,нажраться,0.0020884292
3,оля,0.002079949
3,лондон,0.0020687284
3,гладить,0.0020595358
3,весь,0.0020578874
3,прекратить,0.0020528438
3,70,0.0020510936
3,предложить,0.0020477055
3,рак,0.0020301186
3,подняться,0.0019408162
4,спать,0.021386987
4,вопрос,0.018021684
4,украина,0.014109615
4,ответ,0.013583272
4,нет.-,0.010436502
4,быстро,0.010323135
4,минута,0.010180263
4,вещь,0.010131803
4,вечер,0.009833518
4,да.-,0.008968288
4,появиться,0.008013416
4,телевизор,0.0077097937
4,рождение,0.00717227
4,успеть,0.0067955735
4,хватать,0.0067485035
4,бить,0.006635816
4,бар,0.0063630394
4,петрович,0.006271268
4,понравиться,0.006003068
4,член,0.0059321388
4,номер,0.0058594695
4,земля,0.0058389874
4,использовать,0.005762868
4,нормально,0.0057259314
4,поезд,0.00544049
4,слон,0.0053541106
4,одновременно,0.0052985908
4,2,0.0052871285
4,держать,0.005272162
4,рассказывать,0.00522119
4,проститутка,0.0048565194
4,захотеть,0.0048362403
4,новый_русский,0.004701904
4,доченька,0.0046867975
4,супруг,0.0045964387
4,находить,0.0045279996
4,официант,0.004488743
4,где-то,0.004399549
4,3,0.0042478004
4,конь,0.0041475813
4,решить,0.0041420627
4,опытный,0.0041184784
4,вчера,0.004078555
4,зелёный,0.004037095
4,борщ,0.003977687
4,девка,0.0039376896
4,чей,0.0038823981
4,произойти,0.0038156344
4,пельмень,0.003800349
4,золотой,0.0037837306
4,раз,0.00368846
4,являться,0.0033757961
4,сделать,0.0030467906
4,бармен,0.0030436793
4,опыт,0.0030367065
4,село,0.0030042399
4,мой,0.0029721975
4,взять,0.0029514474
4,волк,0.0029303713
4,поменять,0.0029302652
4,кожа,0.0029169274
4,придурок,0.0029085393
4,семейный,0.002904929
4,``_.-,0.0028889629
4,сообщать,0.002885075
4,почувствовать,0.0028498494
4,старик,0.0028165586
4,рост,0.0027857977
4,ход,0.0027084213
4,поскольку,0.0026681095
4,население,0.0026593301
4,прыгать,0.0026365293
4,уснуть,0.0025950512
4,экономика,0.0025938137
4,тарелка,0.002564201
4,вкусный,0.0025374657
4,hет,0.0024830392
4,красиво,0.002479014
4,улыбка,0.0024688742
4,первый,0.002445655
4,день,0.0024108798
4,хомяк,0.0024078642
4,зимний,0.0023823103
4,нету,0.0023763697
4,..,0.0023457725
4,сниться,0.002342037
4,труба,0.0023304014
4,гараж,0.002320845
4,париж,0.0022611967
4,осень,0.0022549955
4,газ,0.0022223666
4,отобрать,0.0022027043
4,самый,0.0021944027
4,зимой,0.0021932656
4,должный,0.0021906937
4,спирт,0.0021837526
4,сми,0.0021751109
4,гвоздь,0.002129701
4,посылать,0.0021179232
4,какой,0.0021138508
5,хороший,0.0346133
5,мир,0.01583765
5,..,0.01499627
5,любовь,0.014249283
5,другой,0.013236971
5,пойти,0.011538328
5,слово,0.010138965
5,попробовать,0.008918192
5,уйти,0.00886705
5,туалет,0.008575999
5,студент,0.008420425
5,звать,0.007860067
5,ухо,0.0077814073
5,презерватив,0.0074134935
5,пациент,0.006991737
5,самолёт,0.0067950287
5,человек,0.006788341
5,учиться,0.0064241383
5,настолько,0.00617105
5,один,0.0060108826
5,правило,0.0059308363
5,плохой,0.005798616
5,экзамен,0.0056968275
5,тело,0.005663805
5,встать,0.005377607
5,диван,0.0053235786
5,работать,0.005288025
5,дед_мороз,0.005096536
5,сидоров,0.00507333
5,стать,0.004970234
5,проснуться,0.004956823
5,детский,0.0046788543
5,нести,0.004603729
5,вернуть,0.0045917784
5,обнаружить,0.004536218
5,устать,0.0044949087
5,отдыхать,0.004473396
5,новый,0.004341329
5,работа,0.004278964
5,гаишник,0.0042691734
5,деньга,0.0040327273
5,хозяин,0.003973415
5,найти,0.0039199395
5,урок,0.0038984038
5,прапорщик,0.0037443573
5,уровень,0.003656199
5,всякий,0.00361824
5,первый,0.0035616923
5,сделать,0.0034946545
5,российский,0.0034504684
5,учёный,0.0034248491
5,знать,0.003423561
5,преподаватель,0.0033418923
5,судьба,0.0032863973
5,жизнь,0.0032660284
5,беда,0.0032577643
5,бесплатно,0.0031943503
5,врач,0.0031872438
5,надпись,0.003183259
5,обама,0.0030837776
5,должный,0.0030644287
5,система,0.003059212
5,тяжело,0.0030263418
5,ракета,0.0029639371
5,игра,0.0029253524
5,видимо,0.002918953
5,лезть,0.0028560166
5,условие,0.0027264436
5,сало,0.002611404
5,название,0.002585333
5,партия,0.0025803247
5,п,0.002565493
5,2017,0.0025605694
5,повторять,0.002552411
5,институт,0.0025430901
5,признать,0.002456542
5,наш,0.0024524154
5,40,0.0024492098
5,лечь,0.0024448812
5,самый,0.0024281004
5,подозревать,0.0024141956
5,знак,0.0024056314
5,понять,0.0023936736
5,выдавать,0.002334285
5,увидеть,0.0023185655
5,медсестра,0.0023126507
5,известно,0.002298723
5,скорость,0.0022475147
5,впереди,0.0022411784
5,образование,0.0021945485
5,лекарство,0.002156628
5,понедельник,0.0021515074
5,воскресение,0.0021331834
5,например,0.0021277084
5,сразу,0.0021256728
5,сидеть,0.002098731
5,обязать,0.002081807
5,движение,0.002021124
5,любой,0.00200229
5,90,0.0019975363
6,давать,0.04140626
6,помнить,0.0173423
6,кот,0.013496791
6,помочь,0.010726594
6,постель,0.010412645
6,мать,0.010044689
6,проходить,0.009310514
6,женский,0.009304182
6,второй,0.009124599
6,..,0.008872199
6,убить,0.008812998
6,из-за,0.008655725
6,мозг,0.008628303
6,10,0.008305683
6,прямо,0.007965572
6,детство,0.007910673
6,что-нибудь,0.007712776
6,представлять,0.007357654
6,умереть,0.0072831376
6,американский,0.007267868
6,один,0.007031328
6,трамп,0.006939404
6,заметить,0.0069314325
6,разница,0.0066702757
6,мужской,0.006547869
6,желание,0.006537013
6,доллар,0.0062453644
6,приходиться,0.0062156757
6,запретить,0.005891572
6,козёл,0.0057573034
6,три,0.0055473107
6,...,0.005437033
6,кто-нибудь,0.005284119
6,суд,0.00525872
6,ум,0.0052236887
6,пляж,0.005018618
6,достаточно,0.0049106604
6,менять,0.0047128517
6,первый,0.0047061597
6,государство,0.0046451273
6,выиграть,0.0045669884
6,зал,0.0041221734
6,50,0.0040926468
6,смотреть,0.0040754024
6,ванная,0.0039185183
6,чукча,0.00388271
6,радость,0.0038789741
6,одесса,0.0036478823
6,шея,0.0036201626
6,скорее,0.0035949403
6,мнение,0.003586759
6,отказаться,0.0035766854
6,двор,0.00354897
6,выборы,0.0035267624
6,голова,0.0034881353
6,человек,0.003476725
6,сидеть,0.0034438078
6,думать,0.0033789717
6,дойти,0.0033017441
6,спокойно,0.0032363434
6,руль,0.0032071213
6,деньга,0.0032008435
6,многие,0.003191426
6,нога,0.0031224072
6,радоваться,0.0030687647
6,пенсионер,0.0030105074
6,миллион,0.0030017446
6,оптимист,0.0029779472
6,развод,0.0029580153
6,голодный,0.0028881843
6,состоять,0.0028660218
6,глаз,0.0028265659
6,ответственность,0.0028162503
6,невозможно,0.0028087525
6,проверить,0.0027467147
6,изменять,0.002742303
6,говорить,0.0027356918
6,гриб,0.0027142244
6,стать,0.002633344
6,немец,0.0026176688
6,милиционер,0.002607559
6,срок,0.0025315979
6,информация,0.0025006535
6,понимать,0.0024933335
6,выдать,0.0024703613
6,80,0.002446982
6,лягушка,0.0023478512
6,купить,0.0022907387
6,приходить,0.0022815731
6,понять,0.0022625478
6,овца,0.0022568621
6,жизнь,0.002249304
6,диплом,0.0022260689
6,бабуля,0.0021574653
6,синий,0.0020905533
6,вообще,0.002065129
6,спорт,0.0020568431
6,последний,0.002056233
6,вчера,0.00203856
6,никто,0.0020302476
7,жена,0.08077564
7,муж,0.05070622
7,...,0.0376065
7,..,0.024698434
7,мама,0.023408767
7,папа,0.021668397
7,сказать,0.018117908
7,смотреть,0.01248918
7,дом,0.011916228
7,спрашивать,0.011516677
7,знать,0.011220937
7,твой,0.011156371
7,вчера,0.010935335
7,ходить,0.01066389
7,друг,0.009218426
7,домой,0.008707062
7,звонить,0.008158679
7,хотеть,0.0075469255
7,сидеть,0.0071114097
7,есть,0.0069050193
7,мужик,0.006863102
7,каждый,0.006497783
7,таки,0.0062472676
7,думать,0.006223332
7,подарить,0.0061465283
7,видеть,0.0060023204
7,семья,0.005875941
7,идти,0.005870632
7,утро,0.0056105233
7,говорить,0.005478358
7,уметь,0.0053219814
7,двое,0.0051867072
7,работа,0.005066622
7,дорога,0.004976078
7,кухня,0.004700266
7,прийти,0.004654629
7,вовочка,0.004584915
7,чужой,0.0044024577
7,рассказать,0.0040807
7,депутат,0.003963457
7,купить,0.003951204
7,пойти,0.0038745012
7,вечером,0.0037968236
7,бежать,0.0037202344
7,стоить,0.003693005
7,всё-таки,0.0036749546
7,открывать,0.0035890955
7,медведь,0.0034520458
7,книга,0.003358012
7,живой,0.0033221813
7,называться,0.003294019
7,понимать,0.0032313815
7,трус,0.003161539
7,свой,0.003145496
7,общий,0.003110281
7,взять,0.003077971
7,подруга,0.0030759512
7,что-то,0.0029740308
7,отец,0.0029337767
7,мечтать,0.0028868034
7,болеть,0.0028668558
7,съесть,0.00283106
7,ненавидеть,0.0028203356
7,доказать,0.0028085874
7,врать,0.0027459445
7,прошлый,0.002745012
7,рассказывать,0.0026693472
7,ресторан,0.0026443996
7,фамилия,0.0026151135
7,следовать,0.002613544
7,встретить,0.0025409034
7,размер,0.0025193393
7,учитель,0.002516734
7,мой_жена,0.0025008456
7,повод,0.002475733
7,интересно,0.002470068
7,такой,0.0024048002
7,дедушка,0.00239151
7,фотография,0.0023622229
7,сволочь,0.0023009393
7,равно,0.0022908885
7,таблетка,0.002286016
7,сема,0.0022627632
7,подождать,0.0022181089
7,магазин,0.0022112683
7,анекдот,0.0021914993
7,кушать,0.002189804
7,заяц,0.0021600518
7,завести,0.002156625
7,ужин,0.002146311
7,квартира,0.0021227214
7,никто,0.002112854
7,пусть,0.0021061217
7,переживать,0.0020909265
7,малыш,0.002038349
7,hу,0.002010147
7,какой,0.001980665
7,кричать,0.001942553
7,велосипед,0.0018462898
7,спешить,0.0018005705
8,хотеть,0.03419477
8,любить,0.026045728
8,жить,0.025921857
8,дать,0.024319768
8,..,0.020692643
8,дорогой,0.018529257
8,собака,0.013803039
8,водка,0.013683951
8,дорога,0.012780093
8,взять,0.010569069
8,знать,0.010464102
8,мальчик,0.010350274
8,девочка,0.0102501055
8,видеть,0.010005417
8,идти,0.009929208
8,улица,0.009565996
8,мужик,0.009214284
8,маленький,0.0087337075
8,купить,0.008180647
8,спрашивать,0.007916725
8,делать,0.0073263794
8,дура,0.0069678416
8,свет,0.006805629
8,рабинович,0.006611248
8,пара,0.006601092
8,муж_жена,0.0063585504
8,жена_муж,0.006057202
8,сделать,0.0059683984
8,мама,0.005498066
8,дело,0.00548157
8,мой,0.005226224
8,право,0.005175452
8,человек,0.00513425
8,деньга,0.0048749275
8,готовый,0.004861551
8,думать,0.00481441
8,отвечать,0.004655309
8,бутылка,0.0043990943
8,смеяться,0.0043874895
8,магазин,0.004243938
8,палец,0.0041386704
8,ладный,0.0040394897
8,дочка,0.004015741
8,стоить,0.003949687
8,море,0.003929775
8,твой,0.0038226552
8,америка,0.003722565
8,зайти,0.0036511768
8,часть,0.003577138
8,дом,0.0035173586
8,чиновник,0.0035028697
8,научиться,0.0034445885
8,носить,0.003434869
8,ваш,0.0033471053
8,найти,0.0032605233
8,встретиться,0.0032099735
8,написать_``,0.0031734721
8,работа,0.0031609419
8,спасти,0.0031537067
8,товарищ,0.0031013812
8,эх,0.003078785
8,такой,0.0030552594
8,что-то,0.0029800676
8,забрать,0.0028557954
8,дед,0.0028139267
8,вчера,0.002807029
8,церковь,0.0027399242
8,поесть,0.0026354704
8,какой-нибудь,0.002577048
8,бумага,0.0025536332
8,вокзал,0.0025325886
8,задержать,0.0024980404
8,умереть,0.0024569277
8,наркоман,0.0024444084
8,никто,0.0024205141
8,позволять,0.0024161618
8,увидеть,0.0023585411
8,появляться,0.0022777594
8,какой,0.0022652205
8,толпа,0.0022629965
8,маленький_мальчик,0.0021603343
8,дешёвый,0.0021459153
8,сержант,0.002145395
8,мышь,0.002122591
8,самый_хороший,0.0020496352
8,стать,0.002033011
8,любимый,0.0020293533
8,ответить_``,0.0020258606
8,борьба,0.0020256846
8,забирать,0.001997209
8,кричать,0.0019942513
8,бомж,0.0019718679
8,прежде,0.0019353
8,заработать,0.0019240412
8,вообще,0.001920175
8,гад,0.00190898
8,похмелие,0.0018962789
8,полиция,0.0018767695
8,петя,0.0018453174
8,замуж,0.0018371441
9,...,0.019742977
9,..,0.01705665
9,сосед,0.016098296
9,узнать,0.016010946
9,решить,0.015156661
9,смочь,0.01467678
9,слушать,0.011861936
9,бог,0.010066321
9,поставить,0.009539784
9,яйцо,0.008339946
9,ночью,0.007828512
9,зуб,0.00752362
9,подумать,0.0074402187
9,перестать,0.007150065
9,мой,0.0069782976
9,глаз,0.006841246
9,прийти,0.00662074
9,оставить,0.0065118717
9,люся,0.006293747
9,ездить,0.006106327
9,сходить,0.005832306
9,соседка,0.0058125365
9,мясо,0.00579243
9,судить,0.0057843314
9,закон,0.0057073375
9,орать,0.005594005
9,случайно,0.0054531656
9,вино,0.005414501
9,директор,0.0054001855
9,лететь,0.0051631564
9,буква,0.004872888
9,тысяча,0.0046886653
9,выбрать,0.0046088602
9,половина,0.0045540654
9,глядеть,0.0044481573
9,достать,0.0044461093
9,бухать,0.0044435654
9,понять,0.00414152
9,ошибка,0.0040708263
9,просыпаться,0.0040576383
9,пробовать,0.0040441346
9,политика,0.003913503
9,спорить,0.0039093997
9,один,0.0038424404
9,новый,0.0037572605
9,рынок,0.0037412108
9,начать,0.0037001057
9,хлеб,0.0036537347
9,мат,0.0035761094
9,петров,0.0035084635
9,настоящий_мужчина,0.003450824
9,создать,0.003399517
9,приготовить,0.0033890172
9,построить,0.0033213207
9,вперёд,0.003273385
9,действие,0.0032453362
9,замечать,0.003231794
9,уехать,0.0032065888
9,операция,0.0031683454
9,дом,0.003063249
9,купить,0.0029975905
9,торт,0.0029864952
9,курица,0.0029799032
9,6,0.0029428813
9,правый,0.0029293457
9,грустный,0.0029283161
9,колбаса,0.002921378
9,день,0.0028912476
9,кризис,0.0028466985
9,человек,0.002841222
9,переспать,0.0028127234
9,личный,0.002801595
9,пойти,0.0027432775
9,змея,0.0026924072
9,ад,0.0026649814
9,мороз,0.002623124
9,сыр,0.0026087337
9,капитан,0.002532163
9,поверить,0.0025301946
9,подъезд,0.002495427
9,котлета,0.0024767043
9,рожать,0.002474158
9,благодаря,0.0024611582
9,наш,0.0024275656
9,закончить,0.0023911246
9,салат,0.0023341158
9,бюджет,0.0023291016
9,одеяло,0.0022986534
9,ручка,0.0022872593
9,готовиться,0.0022766443
9,подходить,0.002253112
9,идти,0.0022328375
9,крутой,0.0022248467
9,приходить_мужик,0.0022133472
9,немецкий,0.0021928807
9,заснуть,0.0021815945
9,крутить,0.002178174
9,стать,0.0021625012
9,чемодан,0.0021500532
9,крик,0.0020809234
10,голова,0.016712321
10,..,0.015554934
10,жениться,0.015297336
10,нравиться,0.015262143
10,правда,0.015175483
10,...,0.014482806
10,остаться,0.01403652
10,нога,0.013504736
10,умный,0.012751737
10,плохой,0.010713309
10,называть,0.010702898
10,счастие,0.010527383
10,чёрный,0.009235086
10,лежать,0.009064348
10,отличаться,0.008176276
10,подарок,0.0070868386
10,власть,0.0069498545
10,подходить,0.006509696
10,человек,0.0064183767
10,чувствовать,0.0062879925
10,одежда,0.005429862
10,говорить,0.00528841
10,природа,0.005283182
10,думать,0.005096201
10,надеть,0.0049443147
10,угол,0.004881186
10,30,0.0048333863
10,послушать,0.0047900933
10,идти,0.004766655
10,близкий,0.004758462
10,закончиться,0.0046179183
10,получать,0.0043623443
10,причина,0.004228943
10,рука,0.004199497
10,глупый,0.0041226866
10,тёплый,0.0040144236
10,согласный,0.0039950227
10,генерал,0.0039647077
10,солнце,0.0039626025
10,длинный,0.0038977384
10,совесть,0.0038825704
10,цвет,0.003832727
10,другой,0.00375751
10,отдавать,0.0037478702
10,удар,0.003741013
10,знать,0.003674205
10,тихо,0.0036156364
10,такой,0.0035325983
10,повезти,0.0035292613
10,наоборот,0.0035045706
10,кошелёк,0.0034870827
10,уверить,0.003421025
10,кольцо,0.0033753298
10,сестра,0.0033517738
10,штука,0.0033274372
10,сесть,0.0032591901
10,просьба,0.003247389
10,молодец,0.0032125816
10,мыть,0.0031432132
10,полгода,0.0031112758
10,стать,0.0031024013
10,стыдно,0.0030531895
10,топор,0.0030265844
10,хвост,0.0029458788
10,считать,0.002930274
10,должный,0.002899564
10,балкон,0.0028994477
10,приятный,0.0028982111
10,лев,0.0028404559
10,вечно,0.0027616615
10,рожа,0.0027236692
10,стрелять,0.0026626124
10,подсказать,0.0025312218
10,сексуальный,0.00250782
10,отвечать_``,0.0024674018
10,заняться,0.002466907
10,идти_улица,0.0024516692
10,трезвый,0.0024263007
10,напасть,0.002406034
10,новый,0.0023979752
10,наверное,0.0023749291
10,комар,0.0023719773
10,останавливаться,0.0023564473
10,порошенко,0.0023203066
10,дырка,0.0023164037
10,оказываться,0.0023148756
10,следить,0.002309305
10,роман,0.0022797675
10,скучать,0.0022550926
10,крым,0.0022495415
10,обойтись,0.0022355907
10,ножка,0.0022241531
10,означать,0.0021725371
10,неправда,0.0021713523
10,замужем,0.002164351
10,маршрутка,0.002143214
10,прохожий,0.0021374302
10,боевой,0.0021308642
10,шоколад,0.0021208315
10,дело,0.0020901195
11,девушка,0.05029129
11,..,0.020741997
11,...,0.019210208
11,парень,0.01831306
11,мужик,0.016170835
11,бояться,0.014386099
11,баба,0.012940285
11,выходить,0.0118368715
11,искать,0.010629015
11,деньга,0.008754135
11,покупать,0.008553292
11,показывать,0.0076290793
11,квартира,0.007542341
11,лето,0.0072454973
11,собираться,0.007205483
11,хватить,0.0069082538
11,один,0.0067927544
11,принести,0.0065963715
11,кошка,0.0064215916
11,бросить,0.006384764
11,снять,0.0063760257
11,написать,0.006247341
11,че,0.0062315636
11,наверное,0.005984659
11,компьютер,0.0059604123
11,равно,0.0056754407
11,купить,0.0054322584
11,смотреть,0.0052557467
11,страшный,0.0052199094
11,еда,0.0052133403
11,стоять,0.0051952307
11,какой,0.00518122
11,маша,0.005111095
11,завтра,0.0050644637
11,найти,0.0050183297
11,верить,0.0050011235
11,продать,0.004957829
11,оставаться,0.004950233
11,дом,0.0049117683
11,любовница,0.004627441
11,новый,0.004568418
11,спрашивать,0.0045434344
11,видеть,0.004496409
11,трудно,0.004361164
11,познакомиться,0.004314554
11,знать,0.004306598
11,стоить,0.0042484123
11,машина,0.0042225732
11,подойти,0.0041849497
11,выходной,0.004044341
11,попросить,0.0040365946
11,иванов,0.0040254225
11,кровать,0.003969814
11,откуда,0.003893734
11,огромный,0.0037778742
11,бывший,0.003580857
11,продавать,0.003580299
11,причём,0.0035678535
11,часы,0.003565447
11,милиция,0.0035472475
11,бывать,0.0034359358
11,класс,0.003406734
11,маленький,0.003320616
11,надоесть,0.003080786
11,вернуться,0.003080752
11,прийти,0.0030071419
11,странный,0.002962758
11,начинаться,0.0029226702
11,команда,0.0028972896
11,продолжать,0.002890658
11,учительница,0.0028795488
11,такой,0.0028402635
11,взять,0.0028098442
11,город,0.0027757713
11,место,0.002715287
11,обезьяна,0.0026798353
11,дождь,0.002612304
11,сдать,0.0026108518
11,страх,0.0026049973
11,просить,0.0025614197
11,лежать,0.0025547333
11,позвать,0.0025478567
11,поступить,0.0025430191
11,сеть,0.0025293017
11,существовать,0.0025071292
11,начинать,0.0024878404
11,яблоко,0.0024793893
11,память,0.0024169432
11,человек,0.00241475
11,гора,0.0022821047
11,дух,0.0022799717
11,забор,0.002269775
11,который,0.0022619795
11,решать,0.002254004
11,мальчик,0.0022286964
11,магазин,0.0021774014
11,остановка,0.0021724985
11,число,0.0021474778
11,следующий,0.0021036936
11,мёртвый,0.0021033261
12,'',0.23434553
12,``,0.18437661
12,плохо,0.009146969
12,свадьба,0.008918215
12,вместо,0.0061861067
12,новость,0.0057729636
12,новый,0.005717516
12,вставать,0.0048112534
12,язык,0.0047856783
12,стена,0.0043021594
12,принять,0.0040824865
12,слово,0.0037939395
12,невеста,0.0036978617
12,входить,0.003639049
12,состояние,0.00361195
12,неужели,0.0035683184
12,голый,0.0034715817
12,очередной,0.003455614
12,внимание,0.0033726448
12,судья,0.0032795877
12,посадить,0.0031851951
12,относиться,0.0029796888
12,думать,0.0029276547
12,15,0.002923946
12,совет,0.0028355736
12,способный,0.0028172375
12,киев,0.002795093
12,объявление_``,0.0027414234
12,беседовать,0.0026472555
12,любой,0.002647019
12,х,0.0026056895
12,жених,0.0024964497
12,объявить,0.002482471
12,снег,0.002438394
12,отпустить,0.0024171819
12,фраза,0.0024105203
12,бесплатный,0.0023590843
12,русский_язык,0.0023124076
12,позволить,0.002226685
12,сказка,0.002219072
12,тип,0.002207039
12,запах,0.0021328917
12,английский,0.0020956642
12,посоветовать,0.0020824352
12,корабль,0.0020770866
12,называться_``,0.0020716058
12,выбор,0.0020140896
12,ка,0.0020079396
12,выпустить,0.0019859276
12,один,0.0019447284
12,стирать,0.0019367203
12,ловить,0.0019241628
12,продаваться,0.0019050883
12,больно,0.0018834017
12,вход,0.0018686726
12,ружьё,0.0018464188
12,ученик,0.0018398399
12,трогать,0.0018381991
12,холодно,0.0018322476
12,принц,0.0018263344
12,предупреждать,0.001818558
12,свой,0.001813167
12,зависеть,0.0017699335
12,тонкий,0.0017507053
12,сутки,0.0017318127
12,еврейский,0.0016772153
12,целоваться,0.0016559623
12,начать,0.0016276889
12,фильм_``,0.0015811042
12,включать,0.001560685
12,выкинуть,0.001522511
12,гроб,0.0014787061
12,порвать,0.0014568529
12,отмечать,0.0014427364
12,начинать,0.0014379073
12,подниматься,0.0014330986
12,занятие,0.0014323666
12,политик,0.0014210403
12,выясниться,0.001410732
12,получать,0.0013930284
12,последний,0.0013848832
12,отделение,0.001380058
12,кричать_``,0.001360288
12,сайт,0.0013420411
12,лекция,0.001338156
12,убийство,0.0013336798
12,ноготь,0.0013181317
12,переходить,0.0013125021
12,сцена,0.0013102337
12,пункт,0.00130278
12,игра,0.001292271
12,губернатор,0.0012808795
12,конопля,0.0012697384
12,рыбка,0.0012628993
12,иной,0.0012551158
12,одинокий,0.001239172
12,пять,0.0012329263
12,склероз,0.0012117843
12,стать,0.0012075295
12,весело,0.0011996966
13,работать,0.018214598
13,..,0.016714588
13,брать,0.016540673
13,работа,0.015707003
13,хотеться,0.014994212
13,месяц,0.011637251
13,ваш,0.011583495
13,тёща,0.011547917
13,неделя,0.010428391
13,играть,0.009825711
13,что-то,0.009406149
13,зарплата,0.009363263
13,постоянно,0.009019188
13,главное,0.008884895
13,...,0.008403759
13,начальник,0.008389913
13,холодильник,0.006903724
13,плакать,0.006888386
13,предлагать,0.006834463
13,ставить,0.006693244
13,связь,0.0059267036
13,например,0.005925213
13,новый,0.005906453
13,сара,0.005811203
13,упасть,0.005558786
13,улыбаться,0.0053915586
13,получаться,0.0051587974
13,женатый,0.0051249117
13,один,0.0049944227
13,фильм,0.004948602
13,молчать,0.0048629493
13,молодой,0.004834331
13,мысль,0.0047076065
13,будущее,0.0046404786
13,следующий,0.0046294383
13,ничто,0.004405231
13,платить,0.004401628
13,цель,0.004373714
13,жизнь,0.004346949
13,чувство,0.004335706
13,дело,0.004305102
13,изменить,0.0041122353
13,жаль,0.0040565147
13,мой,0.004009941
13,похоже,0.003945926
13,возраст,0.0039453963
13,морда,0.003897127
13,пропасть,0.0037981689
13,возможность,0.003753534
13,взгляд,0.0037316796
13,отпуск,0.0036934402
13,срочно,0.0036492602
13,продавец,0.0036451335
13,убивать,0.0036419665
13,зарабатывать,0.0035821325
13,средство,0.003504416
13,главный,0.0034438306
13,смотреть,0.0034165299
13,наш,0.003397209
13,прийтись,0.0033766166
13,внук,0.003358873
13,айфон,0.0033519336
13,хирург,0.0033461351
13,старость,0.0032613596
13,путь,0.0032098794
13,медленно,0.003203467
13,красота,0.0032016502
13,плечо,0.0031566874
13,рука,0.0031532464
13,отдых,0.0030547334
13,идти,0.003049303
13,решение,0.0030322392
13,израиль,0.0030206386
13,мама_мама,0.0029721945
13,материться,0.0029380897
13,форма,0.0029345255
13,психиатр,0.0028854967
13,болезнь,0.00287789
13,успевать,0.0028652567
13,зять,0.002832244
13,поле,0.0028293335
13,секунда,0.002752533
13,сделать,0.002711201
13,заставлять,0.0026791072
13,оттуда,0.002678402
13,требоваться,0.0026511648
13,целовать,0.0026156341
13,старушка,0.0025757195
13,пустой,0.0025633515
13,знать,0.0025454648
13,сбить,0.002517264
13,зритель,0.0025066924
13,работник,0.0024619426
13,концерт,0.002413127
13,выход,0.0024083185
13,поцелуй,0.0024007857
13,выдержать,0.002397899
13,костюм,0.002391663
13,понять,0.0023405058
13,секрет,0.0023359135
14,пить,0.02410077
14,писать,0.017363528
14,вода,0.015757622
14,русский,0.015388731
14,..,0.012719347
14,пройти,0.010869888
14,выпить,0.0107652275
14,президент,0.010338927
14,выглядеть,0.009235311
14,молодой,0.008911688
14,рубль,0.007946152
14,конец,0.0075309025
14,получиться,0.0074079675
14,разный,0.007199962
14,очередь,0.0069337925
14,момент,0.0065610213
14,гражданин,0.00613785
14,фраза_``,0.006023167
14,обязательно,0.0059331907
14,пользоваться,0.0055553936
14,надеяться,0.005286098
14,стараться,0.0051662046
14,смысл,0.005157323
14,корова,0.0051343576
14,поздно,0.0049318466
14,здоровье,0.0048892153
14,среди,0.004772676
14,паспорт,0.0047625215
14,напиться,0.0046535865
14,воровать,0.0046081427
14,ребята,0.0044759847
14,4,0.00442505
14,трое,0.0042617
14,европа,0.0042364937
14,...,0.004117074
14,злой,0.0041031255
14,стакан,0.004092847
14,время,0.004063781
14,оказываться,0.003986142
14,кредит,0.003947697
14,тюрьма,0.0037776837
14,молоко,0.003730928
14,знать,0.0037254798
14,баня,0.003679561
14,100,0.0036610824
14,предложение,0.0036511535
14,вес,0.003623443
14,друг,0.0035872513
14,бутылка_водка,0.0035589389
14,уверенный,0.003540127
14,родный,0.0035283843
14,подать,0.0034974625
14,таракан,0.0034796963
14,глупость,0.0034472123
14,большинство,0.0034079037
14,вчера,0.0033494993
14,ленин,0.0032413201
14,план,0.0032182883
14,коррупция,0.0031469543
14,черта,0.0030656888
14,шутка,0.0030242787
14,выше,0.0030136665
14,сорок,0.0030110513
14,пьянка,0.0028707217
14,конец_свет,0.0028657252
14,человек,0.0027983782
14,германия,0.002786624
14,исключительно,0.0027736542
14,тридцать,0.0027605058
14,серьёзно,0.002758618
14,солнышко,0.0027319284
14,камера,0.0027297707
14,отдел,0.002711022
14,мой,0.0026516109
14,алкаш,0.0026386788
14,говорить,0.0026379505
14,крупный,0.002637111
14,ввести,0.002565086
14,который,0.0024526413
14,х_й,0.002436782
14,наливать,0.002433977
14,царь,0.002384654
14,подавать,0.0023821392
14,пропустить,0.002372815
14,сергей,0.002344699
14,переставать,0.0023422772
14,паника,0.0023139995
14,любитель,0.0022425032
14,день,0.0022331236
14,хитрый,0.0022109854
14,место,0.0021667948
14,начать,0.0021548548
14,открываться,0.0021356668
14,стать,0.0021197088
14,утонуть,0.0021021303
14,маска,0.002088229
14,арбуз,0.0020644208
14,ведущий,0.0020453206
14,кнопка,0.0020399722
14,посуда,0.0019826784
15,сын,0.022591362
15,посмотреть,0.022106646
15,..,0.018074535
15,сынок,0.017293444
15,разговаривать,0.015245388
15,отец,0.012579974
15,...,0.011859006
15,ехать,0.010565996
15,знать,0.009928102
15,жопа,0.008622204
15,отвечать,0.008215319
15,думать,0.008127324
15,простой,0.0077042296
15,удаться,0.0074981567
15,простить,0.007352133
15,делать,0.0070490697
15,рот,0.006623115
15,никто,0.0065281102
15,похожий,0.006427249
15,выйти_замуж,0.0064178566
15,готовить,0.006412775
15,спрашивать,0.006333305
15,идиот,0.006022121
15,задница,0.005657
15,сила,0.0053784964
15,говорить,0.0048624943
15,мечта,0.004819763
15,один,0.0046680165
15,видно,0.0043082368
15,сзади,0.0042462246
15,современный,0.004190012
15,приходить,0.004146576
15,страшно,0.0041426565
15,легко,0.004095298
15,вспомнить,0.0040466087
15,обратно,0.003999342
15,работать,0.0039334847
15,театр,0.003933373
15,хреновый,0.0038731191
15,сотрудник,0.0038089857
15,взрослый,0.003537507
15,платье,0.0035353247
15,отлично,0.003517969
15,сидеть,0.0034314462
15,рабочий,0.0034044723
15,работа,0.0032958887
15,лифт,0.0032842595
15,программист,0.0032841763
15,мужик,0.0032539244
15,толстый,0.0032524304
15,сложный,0.0032161637
15,полчаса,0.0031368232
15,строить,0.003117025
15,крыша,0.0030987551
15,возвращаться,0.003027974
15,мобильник,0.0030041516
15,внутри,0.0029739107
15,испортить,0.0029134874
15,помидор,0.0029099723
15,тот,0.0028918162
15,ругаться,0.0028733942
15,характер,0.002834292
15,дебил,0.0028119087
15,любой,0.002811907
15,фирма,0.0027980602
15,такси,0.0027953573
15,гораздо,0.002687033
15,догадаться,0.0026765987
15,чудо,0.0026765913
15,вставить,0.0026728893
15,участвовать,0.002591276
15,ожидать,0.0025850385
15,звать,0.0025477242
15,наш,0.0025042368
15,орган,0.0024750228
15,вспоминать,0.0024332034
15,приём,0.002431099
15,коробка,0.002418795
15,понять,0.0023705696
15,час,0.0023689861
15,стать,0.0023601612
15,тратить,0.0023474551
15,нога,0.0023342827
15,уволить,0.002329926
15,военный,0.0022633104
15,гнать,0.0022451654
15,асфальт,0.0021907624
15,штаны,0.0021815754
15,приводить,0.0021726473
15,продажа,0.002153775
15,рассматривать,0.002150658
15,брюки,0.0021309603
15,летать,0.0021283932
15,модель,0.002104238
15,водить,0.0021019054
15,вредный,0.0020981522
15,котёнок,0.0020721226
15,привыкнуть,0.0020658728
15,полезный,0.002023278
15,пароль,0.00199266
16,...,0.020033188
16,выйти,0.014658052
16,блондинка,0.014265836
16,..,0.0134267155
16,утром,0.012825936
16,показать,0.010714289
16,спросить,0.010067987
16,врач,0.008974151
16,как-то,0.008400408
16,добрый,0.008209182
16,дверь,0.0078956215
16,голос,0.007626743
16,поймать,0.007457563
16,уходить,0.0070385532
16,час,0.006821434
16,вести,0.006791664
16,спрашивать,0.0067757573
16,ответить,0.006104773
16,праздник,0.006019078
16,никак,0.005618793
16,говорить_``,0.0055409125
16,видеть,0.005526837
16,смерть,0.0054463013
16,приходить,0.005252934
16,отдать,0.0051343273
16,сказать,0.00499069
16,белый,0.004877329
16,приезжать,0.0047602006
16,совершенно,0.0046438817
16,мужик,0.0045990082
16,сердце,0.0045193876
16,мадам,0.0044974717
16,голова,0.0044860635
16,вчера,0.0044753496
16,украинский,0.004223642
16,5,0.004090417
16,свинья,0.003958247
16,голубой,0.0039205533
16,когда-нибудь,0.003905128
16,кричать,0.0037956564
16,хрен,0.0037917716
16,мой,0.003790677
16,подходить,0.003749916
16,утверждать,0.003716704
16,понятно,0.003695275
16,глаз,0.0035422037
16,история,0.0034897218
16,установить,0.003480622
16,собрать,0.003461265
16,прийти,0.0034019733
16,картошка,0.0032731525
16,рука,0.003232492
16,добавить,0.00318895
16,лечить,0.0031762382
16,небо,0.0030808612
16,короткий,0.0030764933
16,дядя,0.0030343067
16,недостаток,0.0030083556
16,мент,0.0029892563
16,говорить,0.0029758401
16,новый,0.0029474976
16,войти,0.002924366
16,устроить,0.002873998
16,прожить,0.0028546886
16,ёжик,0.002853446
16,обидеться,0.0028192096
16,сделать,0.0027453683
16,спасть,0.0027285232
16,что-то,0.0027080528
16,заходить,0.0026619395
16,эй,0.0026542144
16,ветер,0.0026421438
16,алкоголик,0.0026334233
16,организм,0.002580462
16,девчонка,0.0025677818
16,рядовой,0.0025557303
16,скотина,0.0025236493
16,один,0.0025100678
16,сейчас,0.0025095635
16,загс,0.0024396675
16,грех,0.002416123
16,понять,0.002414219
16,птица,0.002404599
16,поднимать,0.002374208
16,квартира,0.0023615337
16,какой-то,0.0023595097
16,молча,0.0023197194
16,развестись,0.0023112143
16,фсб,0.0023045791
16,мыло,0.0022828728
16,вместе,0.002266248
16,клуб,0.0022423125
16,уйти,0.0022376112
16,вечером,0.0021968775
16,сразу,0.0021246062
16,тепло,0.002120789
16,отойти,0.0021112156
16,масло,0.0020872022
16,будильник,0.0020021708
16,шутить,0.0019672937
17,делать,0.030960659
17,...,0.02135371
17,слышать,0.017708069
17,еврей,0.017618945
17,секс,0.016013226
17,..,0.015315669
17,большой,0.0115184905
17,телефон,0.01134912
17,читать,0.010092732
17,знать,0.009584108
17,что,0.009386622
17,какой-то,0.009305093
17,точно,0.008837231
17,послать,0.008636143
17,попасть,0.008093047
17,курить,0.0077224607
17,говорить,0.0075227767
17,счастливый,0.007465836
17,услышать,0.0063726306
17,водитель,0.006216877
17,быстрый,0.006204919
17,сон,0.0061056945
17,просить,0.0060388534
17,шкаф,0.005823614
17,обращаться,0.0055595497
17,весна,0.004940301
17,мужик,0.0048139575
17,любовник,0.0047870646
17,работа,0.004665321
17,год,0.004592719
17,дом,0.0043896725
17,встречать,0.004357779
17,положить,0.0042885947
17,порядок,0.004211579
17,отсутствие,0.0040830458
17,удовольствие,0.003979713
17,русский,0.003881817
17,долгий,0.0038786074
17,помогать,0.003871871
17,виноватый,0.0038479664
17,ради,0.0038353163
17,машина,0.003795272
17,слушать,0.0037651546
17,суп,0.0036559072
17,встреча,0.0036116168
17,скорый,0.0035053652
17,забывать,0.003503234
17,возле,0.0034720453
17,китай,0.00344267
17,происходить,0.003291184
17,мужчина_женщина,0.003288193
17,спрашивать,0.003280946
17,пахнуть,0.003252489
17,подружка,0.0032049771
17,завод,0.0031501753
17,мойша,0.0030887348
17,сидеть,0.0030778823
17,остановить,0.003025799
17,жалко,0.0029774474
17,катя,0.0029612156
17,лишний,0.0029555804
17,думать,0.0029274225
17,колобок,0.002922845
17,успокоиться,0.0028669583
17,пятница,0.002841951
17,ключ,0.002836807
17,говно,0.0028323892
17,килограмм,0.0028107222
17,газета,0.0028077413
17,пригласить,0.002783646
17,рука,0.002717971
17,иначе,0.0026973877
17,хозяйка,0.0026828523
17,домашний,0.0026475212
17,похудеть,0.002614527
17,изобрести,0.0025171873
17,служба,0.00249561
17,старший,0.0024726512
17,здорово,0.0024370404
17,важно,0.002426451
17,надпись_``,0.002389752
17,мой_муж,0.0023613465
17,холодный,0.0023519725
17,продукт,0.0023510798
17,вообще,0.0023232973
17,скидка,0.002279012
17,огурец,0.0022675556
17,жрать,0.0022629807
17,идти,0.0022613758
17,трава,0.0022583143
17,обязательно,0.0021977916
17,виски,0.0021799728
17,человек,0.002111614
17,супермаркет,0.0020884243
17,начинать,0.0020763949
17,представлять,0.0020655491
17,чемпионат,0.0020267733
17,мешок,0.0020169534
17,спичка,0.001998097
17,выключить,0.00194708
18,ребёнок,0.036073312
18,лицо,0.012462773
18,получить,0.010952805
18,москва,0.010945076
18,больший,0.010787837
18,дочь,0.010100251
18,некоторый,0.009803104
18,родитель,0.009605306
18,..,0.009074305
18,абрам,0.008225845
18,блин,0.00799908
18,банк,0.0077147502
18,солдат,0.007070633
18,либо,0.0069545074
18,случай,0.006760177
18,город,0.0065006176
18,считать,0.006320672
18,рыба,0.006180632
18,дерево,0.006108695
18,спина,0.0060230494
18,заявить,0.0059519634
18,война,0.0057203593
18,последний,0.005604886
18,обычный,0.0054648374
18,придумать,0.005396058
18,знакомый,0.005272745
18,шеф,0.0049261777
18,украсть,0.0048415074
18,носка,0.004840643
18,интересный,0.0046792836
18,учить,0.004644356
18,знать,0.004601503
18,реклама,0.004557704
18,счёт,0.0044764695
18,остальной,0.0044198474
18,победа,0.0042948327
18,требовать,0.0042842887
18,рука,0.0042412686
18,собственный,0.0041962583
18,лес,0.004164898
18,футбол,0.0040314207
18,музыка,0.0038644949
18,китаец,0.0037325176
18,молодой,0.0037287143
18,...,0.0036956384
18,секретарша,0.0036895643
18,наслать,0.0036067055
18,живот,0.0035164366
18,грязный,0.0034950224
18,стать,0.0033976845
18,оружие,0.003396644
18,великий,0.0032802394
18,местный,0.0032102843
18,20,0.003196921
18,приятель,0.0031540014
18,закрыть,0.0031413406
18,письмо,0.0031185495
18,разрешить,0.0031005403
18,чистый,0.0030359144
18,митинг,0.002991315
18,глаз,0.0029837857
18,украинец,0.0029777375
18,слеза,0.0029301117
18,должный,0.0029142117
18,бизнес,0.0029044515
18,небольшой,0.0029006486
18,задуматься,0.0028291603
18,надевать,0.0028170557
18,первый,0.0028079944
18,привести,0.0027950907
18,приятно,0.002793263
18,буратино,0.002755893
18,аэропорт,0.0027522263
18,определить,0.0027271542
18,смотреть,0.0026875122
18,песня,0.0026786034
18,демократия,0.0026564533
18,начало,0.002646814
18,лоб,0.0026023171
18,горячий,0.0026001164
18,предмет,0.0025573105
18,наш,0.0025426496
18,сидеть,0.0025392745
18,прислать,0.0025259866
18,самый,0.0024363424
18,8,0.0024138163
18,18,0.0023779103
18,вампир,0.0023673547
18,нарисовать,0.0023658916
18,спрашивать,0.0023558824
18,завтрак,0.0023539956
18,охотник,0.0023170188
18,лена,0.0023111633
18,понять,0.002274841
18,какой,0.002250727
18,труд,0.0022367805
18,свежий,0.0022253464
18,джинсы,0.0022035774
18,удивляться,0.0021792443
18,вытащить,0.0021739278
19,женщина,0.08342796
19,мужчина,0.06286793
19,...,0.021028334
19,..,0.019030081
19,девушка,0.014336518
19,ой,0.011427848
19,один,0.009314527
19,старый,0.00855165
19,дурак,0.007849181
19,любить,0.0076075965
19,хотеть,0.0075179143
19,понимать,0.0073989253
19,разговор,0.0072467127
19,думать,0.0069504566
19,друг_друг,0.006786734
19,мужик,0.0065023736
19,забыть,0.0064870818
19,становиться,0.006309578
19,полный,0.006152787
19,знать,0.0061300327
19,смотреть,0.0056980704
19,вид,0.005680378
19,позвонить,0.0056596613
19,грудь,0.0056377673
19,находиться,0.0053721694
19,нужный,0.0050249808
19,стоить,0.004888038
19,лошадь,0.0048761778
19,звонок,0.004866646
19,рука,0.0045330734
19,должный,0.0045304964
19,подруга,0.004501852
19,который,0.004466562
19,скоро,0.0044288673
19,новый,0.0043894355
19,видеть,0.0043729474
19,отношение,0.004220256
19,кофе,0.004216343
19,сразу,0.004175273
19,начинать,0.0041417
19,профессор,0.0039872434
19,дама,0.0039560776
19,жизнь,0.0039262855
19,ваш,0.0037428346
19,единственный,0.003725645
19,дорога,0.003491704
19,ужас,0.0034258105
19,сделать,0.003361948
19,представить,0.0033441095
19,говорить,0.0033001362
19,вызывать,0.0032702477
19,друг,0.0032578562
19,дача,0.003133509
19,зеркало,0.0030891276
19,первый,0.003054799
19,ах,0.0030531923
19,везти,0.003036318
19,вообще-то,0.0030224344
19,нос,0.0029962559
19,какой,0.0029922298
19,трамвай,0.002985311
19,враг,0.002982133
19,сука,0.002935667
19,сидеть,0.0029326733
19,пенсия,0.002861498
19,волос,0.0028208294
19,что-то,0.0027746065
19,курс,0.002697716
19,приходить,0.002680376
19,нормальный,0.00265398
19,деньга,0.0026380173
19,8_март,0.002613159
19,вызвать,0.0025082761
19,ударить,0.00249012
19,человек,0.0024041496
19,губа,0.002404058
19,мочь,0.0024005757
19,машина,0.002399093
19,кровь,0.0023968965
19,выходить_замуж,0.0023795473
19,перепутать,0.002372521
19,колено,0.002265986
19,сожаление,0.002256454
19,иван,0.0022546425
19,диалог,0.002248124
19,рай,0.002232421
19,по-моему,0.0021734315
19,идти,0.0021604432
19,поэтому,0.0021500795
19,офицер,0.0021391264
19,дышать,0.002056762
19,автомат,0.0020159383
19,страшный,0.0019842584
19,терять,0.0019817573
19,1,0.0019810454
19,свой,0.001960878
19,специально,0.0019305971
19,заканчиваться,0.0018738158
19,отвечать,0.0018693294
19,кино,0.0018690932
